Model,MSE,R2 Score (Test),R2 Score (Train)
Linear Regression,2823.3473701336034,0.5298441752372159,0.6917838609013659
Lasso,2826.465381713208,0.5293249506737292,0.6916260206452208
Ridge,2824.8512862092707,0.5295937367292204,0.6916852099381837
CART,3669.087691965279,0.389007896020501,1.0
Random Forest,2293.359469797463,0.6181000168784954,0.9656099344737207
XGBoost,2446.0433970090644,0.5926744392518946,0.912666699065617
GS CART,2640.918439060302,0.5602230175492416,0.8188165265941185
GS Random Forest,2294.05929050473,0.6179834797547636,0.9663612409921445
GS XGBoost,2395.3208487824977,0.6011209739389823,0.757874976045342
