Model,MSE,R2 Score (Test),R2 Score (Train)
Linear Regression,2823.3473701336034,0.5298441752372159,0.6917838609013659
Lasso,2826.465381713208,0.5293249506737292,0.6916260206452208
Ridge,2824.8512862092707,0.5295937367292204,0.6916852099381837
CART,3600.3634542621858,0.4004521486832411,1.0
Random Forest,2301.6960688404183,0.6167117709119455,0.9658277377956735
XGBoost,2446.0433970090644,0.5926744392518946,0.912666699065617
