Model,MSE,R2 Score
Linear Regression,1538.837129027231,0.35058285470160333
Lasso,1540.1930076631907,0.35001064935476933
Ridge,1539.2496746763734,0.3504087529641824
CART,49.658117797074404,0.9790433747065529
Random Forest,22.54701912040073,0.9904847494800082
XGBoost,19.439327260937517,0.9917962517421842
