Model,MSE,R2 Score
Linear Regression,1538.837129027231,0.35058285470160333
Lasso,1548.8375897906187,0.34636247909581497
Ridge,1538.827723908172,0.35058682383222495
CART,49.658117797074404,0.9790433747065529
Random Forest,22.54701912040073,0.9904847494800082
XGBoost,19.439327260937517,0.9917962517421842
