Model,MSE,R2 Score
Linear Regression,1576.3317161165942,0.6549786818840013
Lasso,1578.0360481133166,0.6546056443653088
Ridge,1576.8862426301016,0.654857309290489
CART,2699.9287618124545,0.40905015695888713
Random Forest,1287.4040746304822,0.7182180335296493
XGBoost,1385.5552406031823,0.6967350903697223
