Model,MSE,R2 Score
CART,49.658117797074404,0.9790433747065529
Random Forest,22.54701912040073,0.9904847494800082
XGBoost,19.439327260937517,0.9917962517421842
