Model,MSE,R2 Score
CART,1661.4182277701996,0.6363552791417527
Random Forest,1283.9832419294864,0.718966772006129
XGBoost,1255.6475203059917,0.7251687838824055
