Model,MSE,R2 Score
CART,2957.2643860710173,0.5218628765214464
Random Forest,2586.4459100245067,0.5818176375176861
XGBoost,2603.913484709038,0.5789934409550972
