Model,MSE,R2 Score (Test),R2 Score (Train)
CART,3600.3634542621858,0.4004521486832411,0.8187495327932839
Random Forest,2301.6960688404183,0.6167117709119455,0.9667302347875525
XGBoost,2446.0433970090644,0.5926744392518946,0.757874976045342
