Feature,Importance
unitNumber,0.59567475
timeCycles,0.10743451
NRc,0.048223604
Ps30,0.045252696
Nc,0.039146315
T50,0.026091252
phi,0.024564635
Nf,0.01942262
P30,0.018344475
NRf,0.018247496
BPR,0.009778034
P15,0.0076842955
setting2,0.006890119
htBleed,0.00645553
W32,0.0062405434
T30,0.0060412427
T24,0.0058784587
W31,0.0056355237
setting1,0.002993889
